loss,categorical_accuracy,val_loss,val_categorical_accuracy
1.0938732624053955,0.37215909361839294,1.194981575012207,0.33049243688583374
