loss,categorical_accuracy,val_loss,val_categorical_accuracy
1.1023324728012085,0.342803031206131,1.0971704721450806,0.33143940567970276
